Provinsi,IPM,TPT,RLS,UHH,Persentase_Penduduk_Miskin,Gini_Ratio,TPAK,Kepadatan_Penduduk
Aceh,75.36,5.75,9.95,73.255,12.64,0.294,65.11,98
Sumatera Utara,75.76,5.6,10.18,73.955,7.19,0.306,71.36,215
Sumatera Barat,76.43,5.75,9.72,74.435,5.42,0.287,70.28,139
Riau,75.67,3.7,9.69,74.47,6.36,0.306,66.33,75
Jambi,74.36,4.48,9.26,74.125,7.26,0.315,68.87,76
Sumatera Selatan,73.84,3.86,8.98,74.315,10.51,0.331,70.82,102
Bengkulu,74.91,3.11,9.4,73.365,12.52,0.343,71.71,105
Lampung,73.13,4.19,8.8,74.44999999999999,10.62,0.301,70.41,281
Kepulauan Bangka Belitung,74.55,4.63,8.78,74.18,5.08,0.235,68.87,92
Kepulauan Riau,79.89,6.39,10.65,75.18,4.78,0.357,69.17,264
DKI Jakarta,84.15,6.21,11.49,76.06,4.14,0.431,65.1,16165
Jawa Barat,74.92,6.75,9.24,75.23,7.08,0.428,67.71,1359
Jawa Tengah,73.87,4.78,8.47,75.405,9.58,0.364,73.74,1104
DI Yogyakarta,81.62,3.48,10.23,75.69,10.4,0.428,74.78,1186
Jawa Timur,75.35,4.19,8.69,75.13,9.56,0.373,73.45,870
Banten,76.35,6.68,9.55,75.035,5.7,0.359,66.17,1329
Bali,78.63,1.79,9.87,75.17,3.8,0.348,77.11,793
Nusa Tenggara Barat,73.1,2.73,8.5,72.305,11.91,0.364,77.23,287
Nusa Tenggara Timur,69.14,3.02,8.48,71.875,19.02,0.316,77.5,122
Kalimantan Barat,71.19,4.86,8.28,74.0,6.25,0.314,70.44,39
Kalimantan Tengah,74.28,4.01,9.17,73.78999999999999,5.26,0.304,68.71,18
Kalimantan Selatan,75.19,4.2,9.02,74.24,4.02,0.298,70.22,115
Kalimantan Timur,78.79,5.14,10.22,75.05000000000001,5.51,0.31,67.07,32
Kalimantan Utara,73.41,3.9,9.58,73.625,5.38,0.259,70.35,11
Sulawesi Utara,75.68,5.85,10.02,74.13999999999999,6.7,0.347,66.07,186
Sulawesi Tengah,72.24,2.94,9.28,70.88499999999999,11.04,0.309,71.1,51
Sulawesi Selatan,75.18,4.19,9.22,73.89,7.77,0.36,67.38,209
Sulawesi Tenggara,73.62,3.09,9.74,71.935,10.63,0.365,72.81,77
Gorontalo,72.01,3.13,8.64,70.77,13.87,0.413,69.95,102
Sulawesi Barat,70.46,2.68,8.56,71.08500000000001,10.71,0.33,71.4,91
Maluku,73.4,6.11,10.44,70.73,15.78,0.291,66.52,42
Maluku Utara,71.84,4.03,9.7,71.095,6.03,0.296,69.13,41
Papua Barat,67.69,4.13,9.87,68.52000000000001,21.09,0.385,71.25,10
Papua Barat Daya,69.65,6.48,10.48,70.07,16.95,0.347,67.81,16
Papua,73.83,6.48,10.7,70.515,18.09,0.405,68.4,13
Papua Selatan,68.86,4.05,8.99,68.505,19.35,0.424,71.67,5
Papua Tengah,60.25,2.75,6.17,68.22999999999999,27.6,0.355,73.13,24
Papua Pegunungan,54.43,1.32,5.1,67.44,29.66,0.346,88.22,29
