Provinsi_Asal,Provinsi_Tujuan,Jumlah_Migran
Sumatera Utara,Aceh,14485
Sumatera Barat,Aceh,2161
Riau,Aceh,2363
Jambi,Aceh,432
Sumatera Selatan,Aceh,1024
Bengkulu,Aceh,318
Lampung,Aceh,503
Kepulauan Bangka Belitung,Aceh,51
Kepulauan Riau,Aceh,1871
DKI Jakarta,Aceh,949
Jawa Barat,Aceh,3728
Jawa Tengah,Aceh,2733
DI Yogyakarta,Aceh,808
Jawa Timur,Aceh,1799
Banten,Aceh,774
Bali,Aceh,144
Nusa Tenggara Barat,Aceh,304
Nusa Tenggara Timur,Aceh,26
Kalimantan Barat,Aceh,122
Kalimantan Tengah,Aceh,104
Kalimantan Selatan,Aceh,223
Kalimantan Timur,Aceh,270
Kalimantan Utara,Aceh,26
Sulawesi Utara,Aceh,31
Sulawesi Tengah,Aceh,170
Sulawesi Selatan,Aceh,72
Sulawesi Tenggara,Aceh,360
Gorontalo,Aceh,173
Sulawesi Barat,Aceh,32
Maluku,Aceh,102
Maluku Utara,Aceh,46
Papua Barat,Aceh,32
Papua,Aceh,153
Aceh,Sumatera Utara,21622
Sumatera Barat,Sumatera Utara,18150
Riau,Sumatera Utara,65668
Jambi,Sumatera Utara,7280
Sumatera Selatan,Sumatera Utara,3868
Bengkulu,Sumatera Utara,2100
Lampung,Sumatera Utara,2614
Kepulauan Bangka Belitung,Sumatera Utara,823
Kepulauan Riau,Sumatera Utara,24366
DKI Jakarta,Sumatera Utara,8108
Jawa Barat,Sumatera Utara,19801
Jawa Tengah,Sumatera Utara,6751
DI Yogyakarta,Sumatera Utara,3639
Jawa Timur,Sumatera Utara,4664
Banten,Sumatera Utara,5582
Bali,Sumatera Utara,746
Nusa Tenggara Barat,Sumatera Utara,687
Nusa Tenggara Timur,Sumatera Utara,842
Kalimantan Barat,Sumatera Utara,1671
Kalimantan Tengah,Sumatera Utara,2472
Kalimantan Selatan,Sumatera Utara,1713
Kalimantan Timur,Sumatera Utara,2009
Kalimantan Utara,Sumatera Utara,237
Sulawesi Utara,Sumatera Utara,545
Sulawesi Tengah,Sumatera Utara,972
Sulawesi Selatan,Sumatera Utara,529
Sulawesi Tenggara,Sumatera Utara,418
Gorontalo,Sumatera Utara,93
Sulawesi Barat,Sumatera Utara,150
Maluku,Sumatera Utara,550
Maluku Utara,Sumatera Utara,87
Papua Barat,Sumatera Utara,583
Papua,Sumatera Utara,1289
Aceh,Sumatera Barat,1271
Sumatera Utara,Sumatera Barat,9316
Riau,Sumatera Barat,21359
Jambi,Sumatera Barat,8843
Sumatera Selatan,Sumatera Barat,2304
Bengkulu,Sumatera Barat,2665
Lampung,Sumatera Barat,2031
Kepulauan Bangka Belitung,Sumatera Barat,590
Kepulauan Riau,Sumatera Barat,11221
DKI Jakarta,Sumatera Barat,5040
Jawa Barat,Sumatera Barat,12287
Jawa Tengah,Sumatera Barat,5212
DI Yogyakarta,Sumatera Barat,1322
Jawa Timur,Sumatera Barat,2377
Banten,Sumatera Barat,2469
Bali,Sumatera Barat,190
Nusa Tenggara Barat,Sumatera Barat,700
Nusa Tenggara Timur,Sumatera Barat,335
Kalimantan Barat,Sumatera Barat,671
Kalimantan Tengah,Sumatera Barat,399
Kalimantan Selatan,Sumatera Barat,281
Kalimantan Timur,Sumatera Barat,638
Kalimantan Utara,Sumatera Barat,29
Sulawesi Utara,Sumatera Barat,18
Sulawesi Tengah,Sumatera Barat,262
Sulawesi Selatan,Sumatera Barat,650
Sulawesi Tenggara,Sumatera Barat,147
Gorontalo,Sumatera Barat,27
Sulawesi Barat,Sumatera Barat,56
Maluku,Sumatera Barat,64
Maluku Utara,Sumatera Barat,135
Papua Barat,Sumatera Barat,108
Papua,Sumatera Barat,163
Aceh,Riau,2076
Sumatera Utara,Riau,49179
Sumatera Barat,Riau,45624
Jambi,Riau,5030
Sumatera Selatan,Riau,2547
Bengkulu,Riau,1230
Lampung,Riau,2383
Kepulauan Bangka Belitung,Riau,344
Kepulauan Riau,Riau,13622
DKI Jakarta,Riau,2317
Jawa Barat,Riau,5251
Jawa Tengah,Riau,8893
DI Yogyakarta,Riau,3505
Jawa Timur,Riau,4530
Banten,Riau,1339
Bali,Riau,222
Nusa Tenggara Barat,Riau,678
Nusa Tenggara Timur,Riau,311
Kalimantan Barat,Riau,987
Kalimantan Tengah,Riau,345
Kalimantan Selatan,Riau,345
Kalimantan Timur,Riau,436
Kalimantan Utara,Riau,45
Sulawesi Utara,Riau,55
Sulawesi Tengah,Riau,105
Sulawesi Selatan,Riau,434
Sulawesi Tenggara,Riau,591
Gorontalo,Riau,76
Sulawesi Barat,Riau,16
Maluku,Riau,249
Maluku Utara,Riau,9
Papua Barat,Riau,67
Papua,Riau,141
Aceh,Jambi,474
Sumatera Utara,Jambi,6297
Sumatera Barat,Jambi,14579
Riau,Jambi,4359
Sumatera Selatan,Jambi,5056
Bengkulu,Jambi,2479
Lampung,Jambi,2169
Kepulauan Bangka Belitung,Jambi,640
Kepulauan Riau,Jambi,2103
DKI Jakarta,Jambi,892
Jawa Barat,Jambi,3227
Jawa Tengah,Jambi,11217
DI Yogyakarta,Jambi,1931
Jawa Timur,Jambi,1577
Banten,Jambi,1047
Bali,Jambi,35
Nusa Tenggara Barat,Jambi,124
Nusa Tenggara Timur,Jambi,83
Kalimantan Barat,Jambi,281
Kalimantan Tengah,Jambi,438
Kalimantan Selatan,Jambi,279
Kalimantan Timur,Jambi,521
Kalimantan Utara,Jambi,10
Sulawesi Utara,Jambi,17
Sulawesi Tengah,Jambi,128
Sulawesi Selatan,Jambi,384
Sulawesi Tenggara,Jambi,71
Gorontalo,Jambi,114
Sulawesi Barat,Jambi,43
Maluku,Jambi,15
Maluku Utara,Jambi,15
Papua Barat,Jambi,4
Papua,Jambi,69
Aceh,Sumatera Selatan,379
Sumatera Utara,Sumatera Selatan,3498
Sumatera Barat,Sumatera Selatan,4942
Riau,Sumatera Selatan,2715
Jambi,Sumatera Selatan,7325
Bengkulu,Sumatera Selatan,8714
Lampung,Sumatera Selatan,24030
Kepulauan Bangka Belitung,Sumatera Selatan,7400
Kepulauan Riau,Sumatera Selatan,4643
DKI Jakarta,Sumatera Selatan,3055
Jawa Barat,Sumatera Selatan,10468
Jawa Tengah,Sumatera Selatan,12127
DI Yogyakarta,Sumatera Selatan,4546
Jawa Timur,Sumatera Selatan,7635
Banten,Sumatera Selatan,5788
Bali,Sumatera Selatan,889
Nusa Tenggara Barat,Sumatera Selatan,629
Nusa Tenggara Timur,Sumatera Selatan,463
Kalimantan Barat,Sumatera Selatan,188
Kalimantan Tengah,Sumatera Selatan,617
Kalimantan Selatan,Sumatera Selatan,541
Kalimantan Timur,Sumatera Selatan,1364
Kalimantan Utara,Sumatera Selatan,56
Sulawesi Utara,Sumatera Selatan,136
Sulawesi Tengah,Sumatera Selatan,129
Sulawesi Selatan,Sumatera Selatan,864
Sulawesi Tenggara,Sumatera Selatan,77
Gorontalo,Sumatera Selatan,2
Sulawesi Barat,Sumatera Selatan,35
Maluku,Sumatera Selatan,21
Maluku Utara,Sumatera Selatan,57
Papua Barat,Sumatera Selatan,305
Papua,Sumatera Selatan,79
Aceh,Bengkulu,270
Sumatera Utara,Bengkulu,1794
Sumatera Barat,Bengkulu,5331
Riau,Bengkulu,936
Jambi,Bengkulu,1141
Sumatera Selatan,Bengkulu,7846
Lampung,Bengkulu,1763
Kepulauan Bangka Belitung,Bengkulu,332
Kepulauan Riau,Bengkulu,970
DKI Jakarta,Bengkulu,298
Jawa Barat,Bengkulu,2515
Jawa Tengah,Bengkulu,2183
DI Yogyakarta,Bengkulu,1172
Jawa Timur,Bengkulu,1040
Banten,Bengkulu,578
Bali,Bengkulu,5
Nusa Tenggara Barat,Bengkulu,23
Nusa Tenggara Timur,Bengkulu,50
Kalimantan Barat,Bengkulu,55
Kalimantan Tengah,Bengkulu,136
Kalimantan Selatan,Bengkulu,21
Kalimantan Timur,Bengkulu,86
Kalimantan Utara,Bengkulu,6
Sulawesi Tengah,Bengkulu,53
Sulawesi Selatan,Bengkulu,41
Gorontalo,Bengkulu,37
Sulawesi Barat,Bengkulu,101
Maluku Utara,Bengkulu,63
Papua Barat,Bengkulu,20
Papua,Bengkulu,30
Aceh,Lampung,390
Sumatera Utara,Lampung,1461
Sumatera Barat,Lampung,3646
Riau,Lampung,2569
Jambi,Lampung,2875
Sumatera Selatan,Lampung,19987
Bengkulu,Lampung,3466
Kepulauan Bangka Belitung,Lampung,3030
Kepulauan Riau,Lampung,2422
DKI Jakarta,Lampung,6189
Jawa Barat,Lampung,15702
Jawa Tengah,Lampung,12986
DI Yogyakarta,Lampung,4361
Jawa Timur,Lampung,5596
Banten,Lampung,11927
Bali,Lampung,1275
Nusa Tenggara Barat,Lampung,302
Nusa Tenggara Timur,Lampung,345
Kalimantan Barat,Lampung,875
Kalimantan Tengah,Lampung,1344
Kalimantan Selatan,Lampung,229
Kalimantan Timur,Lampung,1366
Kalimantan Utara,Lampung,127
Sulawesi Utara,Lampung,21
Sulawesi Tengah,Lampung,74
Sulawesi Selatan,Lampung,267
Sulawesi Tenggara,Lampung,237
Gorontalo,Lampung,89
Sulawesi Barat,Lampung,38
Maluku,Lampung,154
Papua Barat,Lampung,126
Papua,Lampung,334
Aceh,Kepulauan Bangka Belitung,34
Sumatera Utara,Kepulauan Bangka Belitung,345
Sumatera Barat,Kepulauan Bangka Belitung,461
Riau,Kepulauan Bangka Belitung,35
Jambi,Kepulauan Bangka Belitung,266
Sumatera Selatan,Kepulauan Bangka Belitung,2641
Bengkulu,Kepulauan Bangka Belitung,281
Lampung,Kepulauan Bangka Belitung,2306
Kepulauan Riau,Kepulauan Bangka Belitung,726
DKI Jakarta,Kepulauan Bangka Belitung,708
Jawa Barat,Kepulauan Bangka Belitung,1562
Jawa Tengah,Kepulauan Bangka Belitung,2784
DI Yogyakarta,Kepulauan Bangka Belitung,1104
Jawa Timur,Kepulauan Bangka Belitung,1123
Banten,Kepulauan Bangka Belitung,1354
Bali,Kepulauan Bangka Belitung,100
Nusa Tenggara Barat,Kepulauan Bangka Belitung,644
Nusa Tenggara Timur,Kepulauan Bangka Belitung,395
Kalimantan Barat,Kepulauan Bangka Belitung,220
Kalimantan Tengah,Kepulauan Bangka Belitung,102
Kalimantan Selatan,Kepulauan Bangka Belitung,79
Kalimantan Timur,Kepulauan Bangka Belitung,224
Kalimantan Utara,Kepulauan Bangka Belitung,7
Sulawesi Utara,Kepulauan Bangka Belitung,4
Sulawesi Tengah,Kepulauan Bangka Belitung,69
Sulawesi Selatan,Kepulauan Bangka Belitung,184
Sulawesi Tenggara,Kepulauan Bangka Belitung,555
Sulawesi Barat,Kepulauan Bangka Belitung,38
Maluku Utara,Kepulauan Bangka Belitung,15
Aceh,Kepulauan Riau,921
Sumatera Utara,Kepulauan Riau,18601
Sumatera Barat,Kepulauan Riau,15324
Riau,Kepulauan Riau,7531
Jambi,Kepulauan Riau,1708
Sumatera Selatan,Kepulauan Riau,1574
Bengkulu,Kepulauan Riau,766
Lampung,Kepulauan Riau,1267
Kepulauan Bangka Belitung,Kepulauan Riau,800
DKI Jakarta,Kepulauan Riau,933
Jawa Barat,Kepulauan Riau,3414
Jawa Tengah,Kepulauan Riau,12124
DI Yogyakarta,Kepulauan Riau,2028
Jawa Timur,Kepulauan Riau,6453
Banten,Kepulauan Riau,719
Bali,Kepulauan Riau,93
Nusa Tenggara Barat,Kepulauan Riau,1253
Nusa Tenggara Timur,Kepulauan Riau,3124
Kalimantan Barat,Kepulauan Riau,932
Kalimantan Tengah,Kepulauan Riau,30
Kalimantan Selatan,Kepulauan Riau,196
Kalimantan Timur,Kepulauan Riau,270
Kalimantan Utara,Kepulauan Riau,129
Sulawesi Utara,Kepulauan Riau,425
Sulawesi Tengah,Kepulauan Riau,95
Sulawesi Selatan,Kepulauan Riau,877
Sulawesi Tenggara,Kepulauan Riau,1130
Sulawesi Barat,Kepulauan Riau,83
Maluku,Kepulauan Riau,64
Maluku Utara,Kepulauan Riau,92
Papua Barat,Kepulauan Riau,48
Papua,Kepulauan Riau,161
Aceh,DKI Jakarta,2000
Sumatera Utara,DKI Jakarta,19064
Sumatera Barat,DKI Jakarta,22428
Riau,DKI Jakarta,2643
Jambi,DKI Jakarta,1670
Sumatera Selatan,DKI Jakarta,5757
Bengkulu,DKI Jakarta,2108
Lampung,DKI Jakarta,18517
Kepulauan Bangka Belitung,DKI Jakarta,3638
Kepulauan Riau,DKI Jakarta,3380
Jawa Barat,DKI Jakarta,339634
Jawa Tengah,DKI Jakarta,188939
DI Yogyakarta,DKI Jakarta,15291
Jawa Timur,DKI Jakarta,31387
Banten,DKI Jakarta,103105
Bali,DKI Jakarta,2897
Nusa Tenggara Barat,DKI Jakarta,3969
Nusa Tenggara Timur,DKI Jakarta,5457
Kalimantan Barat,DKI Jakarta,4620
Kalimantan Tengah,DKI Jakarta,1530
Kalimantan Selatan,DKI Jakarta,1237
Kalimantan Timur,DKI Jakarta,3475
Kalimantan Utara,DKI Jakarta,453
Sulawesi Utara,DKI Jakarta,2596
Sulawesi Tengah,DKI Jakarta,1033
Sulawesi Selatan,DKI Jakarta,4428
Sulawesi Tenggara,DKI Jakarta,1383
Gorontalo,DKI Jakarta,533
Sulawesi Barat,DKI Jakarta,335
Maluku,DKI Jakarta,1417
Maluku Utara,DKI Jakarta,480
Papua Barat,DKI Jakarta,969
Papua,DKI Jakarta,1095
Aceh,Jawa Barat,3038
Sumatera Utara,Jawa Barat,21257
Sumatera Barat,Jawa Barat,20448
Riau,Jawa Barat,5352
Jambi,Jawa Barat,2979
Sumatera Selatan,Jawa Barat,13239
Bengkulu,Jawa Barat,4523
Lampung,Jawa Barat,20634
Kepulauan Bangka Belitung,Jawa Barat,4325
Kepulauan Riau,Jawa Barat,5696
DKI Jakarta,Jawa Barat,76296
Jawa Tengah,Jawa Barat,173999
DI Yogyakarta,Jawa Barat,24533
Jawa Timur,Jawa Barat,36330
Banten,Jawa Barat,52798
Bali,Jawa Barat,2879
Nusa Tenggara Barat,Jawa Barat,4348
Nusa Tenggara Timur,Jawa Barat,3562
Kalimantan Barat,Jawa Barat,3473
Kalimantan Tengah,Jawa Barat,3791
Kalimantan Selatan,Jawa Barat,3106
Kalimantan Timur,Jawa Barat,4293
Kalimantan Utara,Jawa Barat,695
Sulawesi Utara,Jawa Barat,1856
Sulawesi Tengah,Jawa Barat,1513
Sulawesi Selatan,Jawa Barat,4636
Sulawesi Tenggara,Jawa Barat,1574
Gorontalo,Jawa Barat,577
Sulawesi Barat,Jawa Barat,386
Maluku,Jawa Barat,1733
Maluku Utara,Jawa Barat,490
Papua Barat,Jawa Barat,1086
Papua,Jawa Barat,1124
Aceh,Jawa Tengah,1191
Sumatera Utara,Jawa Tengah,3180
Sumatera Barat,Jawa Tengah,4552
Riau,Jawa Tengah,5884
Jambi,Jawa Tengah,3741
Sumatera Selatan,Jawa Tengah,6659
Bengkulu,Jawa Tengah,1857
Lampung,Jawa Tengah,8402
Kepulauan Bangka Belitung,Jawa Tengah,2072
Kepulauan Riau,Jawa Tengah,6625
DKI Jakarta,Jawa Tengah,48201
Jawa Barat,Jawa Tengah,123205
DI Yogyakarta,Jawa Tengah,59708
Jawa Timur,Jawa Tengah,47761
Banten,Jawa Tengah,29622
Bali,Jawa Tengah,2469
Nusa Tenggara Barat,Jawa Tengah,3019
Nusa Tenggara Timur,Jawa Tengah,2783
Kalimantan Barat,Jawa Tengah,6393
Kalimantan Tengah,Jawa Tengah,17670
Kalimantan Selatan,Jawa Tengah,4111
Kalimantan Timur,Jawa Tengah,9142
Kalimantan Utara,Jawa Tengah,1536
Sulawesi Utara,Jawa Tengah,904
Sulawesi Tengah,Jawa Tengah,1114
Sulawesi Selatan,Jawa Tengah,3063
Sulawesi Tenggara,Jawa Tengah,1125
Gorontalo,Jawa Tengah,206
Sulawesi Barat,Jawa Tengah,436
Maluku,Jawa Tengah,867
Maluku Utara,Jawa Tengah,696
Papua Barat,Jawa Tengah,1146
Papua,Jawa Tengah,2548
Aceh,DI Yogyakarta,255
Sumatera Utara,DI Yogyakarta,1231
Sumatera Barat,DI Yogyakarta,987
Riau,DI Yogyakarta,1514
Jambi,DI Yogyakarta,592
Sumatera Selatan,DI Yogyakarta,1819
Bengkulu,DI Yogyakarta,863
Lampung,DI Yogyakarta,2307
Kepulauan Bangka Belitung,DI Yogyakarta,1174
Kepulauan Riau,DI Yogyakarta,1116
DKI Jakarta,DI Yogyakarta,3861
Jawa Barat,DI Yogyakarta,8554
Jawa Tengah,DI Yogyakarta,49606
Jawa Timur,DI Yogyakarta,5859
Banten,DI Yogyakarta,3894
Bali,DI Yogyakarta,689
Nusa Tenggara Barat,DI Yogyakarta,2963
Nusa Tenggara Timur,DI Yogyakarta,3611
Kalimantan Barat,DI Yogyakarta,1454
Kalimantan Tengah,DI Yogyakarta,1179
Kalimantan Selatan,DI Yogyakarta,694
Kalimantan Timur,DI Yogyakarta,1835
Kalimantan Utara,DI Yogyakarta,651
Sulawesi Utara,DI Yogyakarta,277
Sulawesi Tengah,DI Yogyakarta,531
Sulawesi Selatan,DI Yogyakarta,416
Sulawesi Tenggara,DI Yogyakarta,509
Gorontalo,DI Yogyakarta,72
Sulawesi Barat,DI Yogyakarta,144
Maluku,DI Yogyakarta,586
Maluku Utara,DI Yogyakarta,346
Papua Barat,DI Yogyakarta,543
Papua,DI Yogyakarta,522
Aceh,Jawa Timur,658
Sumatera Utara,Jawa Timur,4116
Sumatera Barat,Jawa Timur,2629
Riau,Jawa Timur,3610
Jambi,Jawa Timur,1790
Sumatera Selatan,Jawa Timur,4309
Bengkulu,Jawa Timur,1107
Lampung,Jawa Timur,7216
Kepulauan Bangka Belitung,Jawa Timur,1507
Kepulauan Riau,Jawa Timur,6250
DKI Jakarta,Jawa Timur,16879
Jawa Barat,Jawa Timur,32723
Jawa Tengah,Jawa Timur,63399
DI Yogyakarta,Jawa Timur,15873
Banten,Jawa Timur,9152
Bali,Jawa Timur,20182
Nusa Tenggara Barat,Jawa Timur,7896
Nusa Tenggara Timur,Jawa Timur,14886
Kalimantan Barat,Jawa Timur,3692
Kalimantan Tengah,Jawa Timur,8786
Kalimantan Selatan,Jawa Timur,10768
Kalimantan Timur,Jawa Timur,18237
Kalimantan Utara,Jawa Timur,2611
Sulawesi Utara,Jawa Timur,1699
Sulawesi Tengah,Jawa Timur,1995
Sulawesi Selatan,Jawa Timur,4022
Sulawesi Tenggara,Jawa Timur,1855
Gorontalo,Jawa Timur,454
Sulawesi Barat,Jawa Timur,930
Maluku,Jawa Timur,2502
Maluku Utara,Jawa Timur,1084
Papua Barat,Jawa Timur,3511
Papua,Jawa Timur,4626
Aceh,Banten,761
Sumatera Utara,Banten,6178
Sumatera Barat,Banten,7232
Riau,Banten,1339
Jambi,Banten,560
Sumatera Selatan,Banten,4046
Bengkulu,Banten,888
Lampung,Banten,18099
Kepulauan Bangka Belitung,Banten,1146
Kepulauan Riau,Banten,843
DKI Jakarta,Banten,22916
Jawa Barat,Banten,71956
Jawa Tengah,Banten,65752
DI Yogyakarta,Banten,9332
Jawa Timur,Banten,11700
Bali,Banten,750
Nusa Tenggara Barat,Banten,1213
Nusa Tenggara Timur,Banten,748
Kalimantan Barat,Banten,1792
Kalimantan Tengah,Banten,915
Kalimantan Selatan,Banten,722
Kalimantan Timur,Banten,917
Kalimantan Utara,Banten,46
Sulawesi Utara,Banten,216
Sulawesi Tengah,Banten,365
Sulawesi Selatan,Banten,765
Sulawesi Tenggara,Banten,134
Gorontalo,Banten,213
Sulawesi Barat,Banten,8
Maluku,Banten,286
Maluku Utara,Banten,51
Papua Barat,Banten,210
Papua,Banten,372
Sumatera Utara,Bali,874
Sumatera Barat,Bali,733
Riau,Bali,61
Jambi,Bali,80
Sumatera Selatan,Bali,328
Bengkulu,Bali,96
Lampung,Bali,773
Kepulauan Bangka Belitung,Bali,117
Kepulauan Riau,Bali,439
DKI Jakarta,Bali,1212
Jawa Barat,Bali,3179
Jawa Tengah,Bali,6639
DI Yogyakarta,Bali,1892
Jawa Timur,Bali,26708
Banten,Bali,476
Nusa Tenggara Barat,Bali,11620
Nusa Tenggara Timur,Bali,14451
Kalimantan Barat,Bali,206
Kalimantan Tengah,Bali,145
Kalimantan Selatan,Bali,362
Kalimantan Timur,Bali,314
Kalimantan Utara,Bali,49
Sulawesi Utara,Bali,395
Sulawesi Tengah,Bali,713
Sulawesi Selatan,Bali,607
Sulawesi Tenggara,Bali,550
Gorontalo,Bali,31
Sulawesi Barat,Bali,388
Maluku,Bali,181
Maluku Utara,Bali,62
Papua Barat,Bali,202
Papua,Bali,185
Aceh,Nusa Tenggara Barat,86
Sumatera Utara,Nusa Tenggara Barat,823
Sumatera Barat,Nusa Tenggara Barat,385
Riau,Nusa Tenggara Barat,235
Jambi,Nusa Tenggara Barat,117
Sumatera Selatan,Nusa Tenggara Barat,175
Bengkulu,Nusa Tenggara Barat,69
Lampung,Nusa Tenggara Barat,44
Kepulauan Bangka Belitung,Nusa Tenggara Barat,591
Kepulauan Riau,Nusa Tenggara Barat,612
DKI Jakarta,Nusa Tenggara Barat,1137
Jawa Barat,Nusa Tenggara Barat,1468
Jawa Tengah,Nusa Tenggara Barat,2437
DI Yogyakarta,Nusa Tenggara Barat,1847
Jawa Timur,Nusa Tenggara Barat,3982
Banten,Nusa Tenggara Barat,444
Bali,Nusa Tenggara Barat,3713
Nusa Tenggara Timur,Nusa Tenggara Barat,3556
Kalimantan Barat,Nusa Tenggara Barat,344
Kalimantan Tengah,Nusa Tenggara Barat,2435
Kalimantan Selatan,Nusa Tenggara Barat,1477
Kalimantan Timur,Nusa Tenggara Barat,1790
Kalimantan Utara,Nusa Tenggara Barat,174
Sulawesi Utara,Nusa Tenggara Barat,139
Sulawesi Tengah,Nusa Tenggara Barat,169
Sulawesi Selatan,Nusa Tenggara Barat,1188
Sulawesi Tenggara,Nusa Tenggara Barat,333
Gorontalo,Nusa Tenggara Barat,118
Sulawesi Barat,Nusa Tenggara Barat,158
Maluku,Nusa Tenggara Barat,45
Maluku Utara,Nusa Tenggara Barat,73
Papua Barat,Nusa Tenggara Barat,164
Papua,Nusa Tenggara Barat,604
Sumatera Utara,Nusa Tenggara Timur,244
Sumatera Barat,Nusa Tenggara Timur,376
Riau,Nusa Tenggara Timur,327
Jambi,Nusa Tenggara Timur,85
Sumatera Selatan,Nusa Tenggara Timur,38
Bengkulu,Nusa Tenggara Timur,12
Lampung,Nusa Tenggara Timur,74
Kepulauan Bangka Belitung,Nusa Tenggara Timur,113
Kepulauan Riau,Nusa Tenggara Timur,1902
DKI Jakarta,Nusa Tenggara Timur,1505
Jawa Barat,Nusa Tenggara Timur,787
Jawa Tengah,Nusa Tenggara Timur,3353
DI Yogyakarta,Nusa Tenggara Timur,2625
Jawa Timur,Nusa Tenggara Timur,6175
Banten,Nusa Tenggara Timur,333
Bali,Nusa Tenggara Timur,6336
Nusa Tenggara Barat,Nusa Tenggara Timur,3487
Kalimantan Barat,Nusa Tenggara Timur,1063
Kalimantan Tengah,Nusa Tenggara Timur,7578
Kalimantan Selatan,Nusa Tenggara Timur,1699
Kalimantan Timur,Nusa Tenggara Timur,5972
Kalimantan Utara,Nusa Tenggara Timur,1272
Sulawesi Utara,Nusa Tenggara Timur,303
Sulawesi Tengah,Nusa Tenggara Timur,319
Sulawesi Selatan,Nusa Tenggara Timur,3535
Sulawesi Tenggara,Nusa Tenggara Timur,447
Gorontalo,Nusa Tenggara Timur,103
Sulawesi Barat,Nusa Tenggara Timur,318
Maluku,Nusa Tenggara Timur,733
Maluku Utara,Nusa Tenggara Timur,73
Papua Barat,Nusa Tenggara Timur,2030
Papua,Nusa Tenggara Timur,3950
Aceh,Kalimantan Barat,100
Sumatera Utara,Kalimantan Barat,1695
Sumatera Barat,Kalimantan Barat,579
Riau,Kalimantan Barat,324
Jambi,Kalimantan Barat,172
Sumatera Selatan,Kalimantan Barat,231
Bengkulu,Kalimantan Barat,131
Lampung,Kalimantan Barat,1139
Kepulauan Bangka Belitung,Kalimantan Barat,210
Kepulauan Riau,Kalimantan Barat,1441
DKI Jakarta,Kalimantan Barat,2270
Jawa Barat,Kalimantan Barat,4691
Jawa Tengah,Kalimantan Barat,12226
DI Yogyakarta,Kalimantan Barat,2654
Jawa Timur,Kalimantan Barat,4667
Banten,Kalimantan Barat,1002
Bali,Kalimantan Barat,260
Nusa Tenggara Barat,Kalimantan Barat,2700
Nusa Tenggara Timur,Kalimantan Barat,1423
Kalimantan Tengah,Kalimantan Barat,2927
Kalimantan Selatan,Kalimantan Barat,612
Kalimantan Timur,Kalimantan Barat,741
Kalimantan Utara,Kalimantan Barat,21
Sulawesi Utara,Kalimantan Barat,169
Sulawesi Tengah,Kalimantan Barat,74
Sulawesi Selatan,Kalimantan Barat,455
Sulawesi Tenggara,Kalimantan Barat,219
Gorontalo,Kalimantan Barat,64
Sulawesi Barat,Kalimantan Barat,87
Maluku,Kalimantan Barat,46
Maluku Utara,Kalimantan Barat,52
Papua Barat,Kalimantan Barat,135
Papua,Kalimantan Barat,173
Aceh,Kalimantan Tengah,2
Sumatera Utara,Kalimantan Tengah,1519
Sumatera Barat,Kalimantan Tengah,474
Riau,Kalimantan Tengah,97
Jambi,Kalimantan Tengah,179
Sumatera Selatan,Kalimantan Tengah,207
Bengkulu,Kalimantan Tengah,109
Lampung,Kalimantan Tengah,314
Kepulauan Bangka Belitung,Kalimantan Tengah,51
Kepulauan Riau,Kalimantan Tengah,139
DKI Jakarta,Kalimantan Tengah,355
Jawa Barat,Kalimantan Tengah,1120
Jawa Tengah,Kalimantan Tengah,29980
DI Yogyakarta,Kalimantan Tengah,2289
Jawa Timur,Kalimantan Tengah,9766
Banten,Kalimantan Tengah,268
Bali,Kalimantan Tengah,80
Nusa Tenggara Barat,Kalimantan Tengah,3883
Nusa Tenggara Timur,Kalimantan Tengah,3591
Kalimantan Barat,Kalimantan Tengah,1523
Kalimantan Selatan,Kalimantan Tengah,15674
Kalimantan Timur,Kalimantan Tengah,1602
Kalimantan Utara,Kalimantan Tengah,119
Sulawesi Utara,Kalimantan Tengah,69
Sulawesi Tengah,Kalimantan Tengah,340
Sulawesi Selatan,Kalimantan Tengah,679
Sulawesi Tenggara,Kalimantan Tengah,124
Gorontalo,Kalimantan Tengah,94
Sulawesi Barat,Kalimantan Tengah,163
Maluku,Kalimantan Tengah,20
Maluku Utara,Kalimantan Tengah,37
Papua Barat,Kalimantan Tengah,6
Papua,Kalimantan Tengah,11
Aceh,Kalimantan Selatan,199
Sumatera Utara,Kalimantan Selatan,813
Sumatera Barat,Kalimantan Selatan,192
Riau,Kalimantan Selatan,251
Jambi,Kalimantan Selatan,20
Sumatera Selatan,Kalimantan Selatan,198
Bengkulu,Kalimantan Selatan,63
Lampung,Kalimantan Selatan,606
Kepulauan Bangka Belitung,Kalimantan Selatan,33
Kepulauan Riau,Kalimantan Selatan,225
DKI Jakarta,Kalimantan Selatan,835
Jawa Barat,Kalimantan Selatan,1865
Jawa Tengah,Kalimantan Selatan,7190
DI Yogyakarta,Kalimantan Selatan,1866
Jawa Timur,Kalimantan Selatan,9094
Banten,Kalimantan Selatan,521
Bali,Kalimantan Selatan,79
Nusa Tenggara Barat,Kalimantan Selatan,2037
Nusa Tenggara Timur,Kalimantan Selatan,1600
Kalimantan Barat,Kalimantan Selatan,527
Kalimantan Tengah,Kalimantan Selatan,12807
Kalimantan Timur,Kalimantan Selatan,7962
Kalimantan Utara,Kalimantan Selatan,541
Sulawesi Utara,Kalimantan Selatan,226
Sulawesi Tengah,Kalimantan Selatan,163
Sulawesi Selatan,Kalimantan Selatan,2527
Sulawesi Tenggara,Kalimantan Selatan,519
Gorontalo,Kalimantan Selatan,35
Sulawesi Barat,Kalimantan Selatan,530
Maluku,Kalimantan Selatan,203
Maluku Utara,Kalimantan Selatan,31
Papua Barat,Kalimantan Selatan,30
Papua,Kalimantan Selatan,77
Aceh,Kalimantan Timur,2
Sumatera Utara,Kalimantan Timur,1698
Sumatera Barat,Kalimantan Timur,406
Riau,Kalimantan Timur,272
Jambi,Kalimantan Timur,133
Sumatera Selatan,Kalimantan Timur,920
Bengkulu,Kalimantan Timur,123
Lampung,Kalimantan Timur,1058
Kepulauan Bangka Belitung,Kalimantan Timur,112
Kepulauan Riau,Kalimantan Timur,249
DKI Jakarta,Kalimantan Timur,688
Jawa Barat,Kalimantan Timur,3689
Jawa Tengah,Kalimantan Timur,14121
DI Yogyakarta,Kalimantan Timur,4158
Jawa Timur,Kalimantan Timur,22712
Banten,Kalimantan Timur,703
Bali,Kalimantan Timur,302
Nusa Tenggara Barat,Kalimantan Timur,7658
Nusa Tenggara Timur,Kalimantan Timur,12582
Kalimantan Barat,Kalimantan Timur,996
Kalimantan Tengah,Kalimantan Timur,1711
Kalimantan Selatan,Kalimantan Timur,9904
Kalimantan Utara,Kalimantan Timur,4034
Sulawesi Utara,Kalimantan Timur,813
Sulawesi Tengah,Kalimantan Timur,3228
Sulawesi Selatan,Kalimantan Timur,25914
Sulawesi Tenggara,Kalimantan Timur,3651
Gorontalo,Kalimantan Timur,305
Sulawesi Barat,Kalimantan Timur,4442
Maluku,Kalimantan Timur,139
Maluku Utara,Kalimantan Timur,42
Papua Barat,Kalimantan Timur,213
Papua,Kalimantan Timur,106
Aceh,Kalimantan Utara,26
Sumatera Utara,Kalimantan Utara,320
Sumatera Barat,Kalimantan Utara,194
Riau,Kalimantan Utara,100
Jambi,Kalimantan Utara,161
Sumatera Selatan,Kalimantan Utara,92
Bengkulu,Kalimantan Utara,10
Kepulauan Bangka Belitung,Kalimantan Utara,82
Kepulauan Riau,Kalimantan Utara,73
DKI Jakarta,Kalimantan Utara,127
Jawa Barat,Kalimantan Utara,611
Jawa Tengah,Kalimantan Utara,551
DI Yogyakarta,Kalimantan Utara,587
Jawa Timur,Kalimantan Utara,3171
Banten,Kalimantan Utara,6
Nusa Tenggara Barat,Kalimantan Utara,671
Nusa Tenggara Timur,Kalimantan Utara,2406
Kalimantan Barat,Kalimantan Utara,66
Kalimantan Tengah,Kalimantan Utara,420
Kalimantan Selatan,Kalimantan Utara,630
Kalimantan Timur,Kalimantan Utara,3994
Sulawesi Utara,Kalimantan Utara,246
Sulawesi Tengah,Kalimantan Utara,2140
Sulawesi Selatan,Kalimantan Utara,7642
Sulawesi Tenggara,Kalimantan Utara,635
Gorontalo,Kalimantan Utara,103
Sulawesi Barat,Kalimantan Utara,846
Maluku,Kalimantan Utara,97
Papua Barat,Kalimantan Utara,29
Papua,Kalimantan Utara,40
Aceh,Sulawesi Utara,68
Sumatera Utara,Sulawesi Utara,1064
Sumatera Barat,Sulawesi Utara,157
Riau,Sulawesi Utara,67
Jambi,Sulawesi Utara,10
Sumatera Selatan,Sulawesi Utara,15
Bengkulu,Sulawesi Utara,18
Lampung,Sulawesi Utara,141
Kepulauan Bangka Belitung,Sulawesi Utara,52
Kepulauan Riau,Sulawesi Utara,186
DKI Jakarta,Sulawesi Utara,618
Jawa Barat,Sulawesi Utara,1095
Jawa Tengah,Sulawesi Utara,1009
DI Yogyakarta,Sulawesi Utara,279
Jawa Timur,Sulawesi Utara,2487
Banten,Sulawesi Utara,474
Bali,Sulawesi Utara,226
Nusa Tenggara Barat,Sulawesi Utara,362
Nusa Tenggara Timur,Sulawesi Utara,567
Kalimantan Barat,Sulawesi Utara,64
Kalimantan Tengah,Sulawesi Utara,364
Kalimantan Selatan,Sulawesi Utara,173
Kalimantan Timur,Sulawesi Utara,824
Kalimantan Utara,Sulawesi Utara,105
Sulawesi Tengah,Sulawesi Utara,3265
Sulawesi Selatan,Sulawesi Utara,1756
Sulawesi Tenggara,Sulawesi Utara,1597
Gorontalo,Sulawesi Utara,8651
Sulawesi Barat,Sulawesi Utara,108
Maluku,Sulawesi Utara,841
Maluku Utara,Sulawesi Utara,2081
Papua Barat,Sulawesi Utara,1655
Papua,Sulawesi Utara,1195
Aceh,Sulawesi Tengah,8
Sumatera Utara,Sulawesi Tengah,250
Sumatera Barat,Sulawesi Tengah,29
Jambi,Sulawesi Tengah,18
Sumatera Selatan,Sulawesi Tengah,58
Bengkulu,Sulawesi Tengah,8
Lampung,Sulawesi Tengah,118
Kepulauan Bangka Belitung,Sulawesi Tengah,144
Kepulauan Riau,Sulawesi Tengah,50
DKI Jakarta,Sulawesi Tengah,35
Jawa Barat,Sulawesi Tengah,1068
Jawa Tengah,Sulawesi Tengah,3260
DI Yogyakarta,Sulawesi Tengah,1033
Jawa Timur,Sulawesi Tengah,1547
Banten,Sulawesi Tengah,292
Bali,Sulawesi Tengah,820
Nusa Tenggara Barat,Sulawesi Tengah,532
Nusa Tenggara Timur,Sulawesi Tengah,254
Kalimantan Barat,Sulawesi Tengah,99
Kalimantan Tengah,Sulawesi Tengah,459
Kalimantan Selatan,Sulawesi Tengah,202
Kalimantan Timur,Sulawesi Tengah,2334
Kalimantan Utara,Sulawesi Tengah,1388
Sulawesi Utara,Sulawesi Tengah,2951
Sulawesi Selatan,Sulawesi Tengah,12121
Sulawesi Tenggara,Sulawesi Tengah,3423
Gorontalo,Sulawesi Tengah,5148
Sulawesi Barat,Sulawesi Tengah,4714
Maluku,Sulawesi Tengah,274
Maluku Utara,Sulawesi Tengah,676
Papua Barat,Sulawesi Tengah,484
Papua,Sulawesi Tengah,286
Aceh,Sulawesi Selatan,47
Sumatera Utara,Sulawesi Selatan,726
Sumatera Barat,Sulawesi Selatan,704
Riau,Sulawesi Selatan,182
Jambi,Sulawesi Selatan,124
Sumatera Selatan,Sulawesi Selatan,251
Bengkulu,Sulawesi Selatan,101
Lampung,Sulawesi Selatan,616
Kepulauan Bangka Belitung,Sulawesi Selatan,261
Kepulauan Riau,Sulawesi Selatan,891
DKI Jakarta,Sulawesi Selatan,2443
Jawa Barat,Sulawesi Selatan,3129
Jawa Tengah,Sulawesi Selatan,4485
DI Yogyakarta,Sulawesi Selatan,1372
Jawa Timur,Sulawesi Selatan,4764
Banten,Sulawesi Selatan,916
Bali,Sulawesi Selatan,438
Nusa Tenggara Barat,Sulawesi Selatan,4561
Nusa Tenggara Timur,Sulawesi Selatan,8903
Kalimantan Barat,Sulawesi Selatan,531
Kalimantan Tengah,Sulawesi Selatan,1397
Kalimantan Selatan,Sulawesi Selatan,2275
Kalimantan Timur,Sulawesi Selatan,25015
Kalimantan Utara,Sulawesi Selatan,7906
Sulawesi Utara,Sulawesi Selatan,3384
Sulawesi Tengah,Sulawesi Selatan,15749
Sulawesi Tenggara,Sulawesi Selatan,24021
Gorontalo,Sulawesi Selatan,1483
Sulawesi Barat,Sulawesi Selatan,14890
Maluku,Sulawesi Selatan,2601
Maluku Utara,Sulawesi Selatan,2514
Papua Barat,Sulawesi Selatan,6494
Papua,Sulawesi Selatan,10497
Aceh,Sulawesi Tenggara,47
Sumatera Utara,Sulawesi Tenggara,171
Sumatera Barat,Sulawesi Tenggara,126
Riau,Sulawesi Tenggara,82
Jambi,Sulawesi Tenggara,89
Sumatera Selatan,Sulawesi Tenggara,84
Lampung,Sulawesi Tenggara,109
Kepulauan Bangka Belitung,Sulawesi Tenggara,378
Kepulauan Riau,Sulawesi Tenggara,607
DKI Jakarta,Sulawesi Tenggara,112
Jawa Barat,Sulawesi Tenggara,900
Jawa Tengah,Sulawesi Tenggara,1163
DI Yogyakarta,Sulawesi Tenggara,877
Jawa Timur,Sulawesi Tenggara,1339
Banten,Sulawesi Tenggara,162
Bali,Sulawesi Tenggara,334
Nusa Tenggara Barat,Sulawesi Tenggara,238
Nusa Tenggara Timur,Sulawesi Tenggara,380
Kalimantan Barat,Sulawesi Tenggara,137
Kalimantan Tengah,Sulawesi Tenggara,73
Kalimantan Selatan,Sulawesi Tenggara,58
Kalimantan Timur,Sulawesi Tenggara,1387
Kalimantan Utara,Sulawesi Tenggara,462
Sulawesi Utara,Sulawesi Tenggara,361
Sulawesi Tengah,Sulawesi Tenggara,2301
Sulawesi Selatan,Sulawesi Tenggara,12745
Gorontalo,Sulawesi Tenggara,342
Sulawesi Barat,Sulawesi Tenggara,661
Maluku,Sulawesi Tenggara,2879
Maluku Utara,Sulawesi Tenggara,2217
Papua Barat,Sulawesi Tenggara,2754
Papua,Sulawesi Tenggara,2348
Aceh,Gorontalo,14
Sumatera Utara,Gorontalo,57
Sumatera Barat,Gorontalo,38
Riau,Gorontalo,31
Sumatera Selatan,Gorontalo,15
Lampung,Gorontalo,31
Kepulauan Bangka Belitung,Gorontalo,75
DKI Jakarta,Gorontalo,135
Jawa Barat,Gorontalo,448
Jawa Tengah,Gorontalo,649
DI Yogyakarta,Gorontalo,68
Jawa Timur,Gorontalo,236
Banten,Gorontalo,48
Bali,Gorontalo,16
Nusa Tenggara Barat,Gorontalo,2
Nusa Tenggara Timur,Gorontalo,39
Kalimantan Barat,Gorontalo,25
Kalimantan Tengah,Gorontalo,33
Kalimantan Timur,Gorontalo,182
Kalimantan Utara,Gorontalo,36
Sulawesi Utara,Gorontalo,5819
Sulawesi Tengah,Gorontalo,3274
Sulawesi Selatan,Gorontalo,602
Sulawesi Tenggara,Gorontalo,382
Sulawesi Barat,Gorontalo,48
Maluku,Gorontalo,77
Maluku Utara,Gorontalo,332
Papua Barat,Gorontalo,63
Papua,Gorontalo,81
Aceh,Sulawesi Barat,23
Sumatera Utara,Sulawesi Barat,45
Sumatera Barat,Sulawesi Barat,8
Jambi,Sulawesi Barat,73
Sumatera Selatan,Sulawesi Barat,107
Bengkulu,Sulawesi Barat,105
Lampung,Sulawesi Barat,3
Kepulauan Bangka Belitung,Sulawesi Barat,86
DKI Jakarta,Sulawesi Barat,39
Jawa Barat,Sulawesi Barat,68
Jawa Tengah,Sulawesi Barat,391
DI Yogyakarta,Sulawesi Barat,77
Jawa Timur,Sulawesi Barat,363
Bali,Sulawesi Barat,160
Nusa Tenggara Barat,Sulawesi Barat,332
Nusa Tenggara Timur,Sulawesi Barat,152
Kalimantan Barat,Sulawesi Barat,24
Kalimantan Tengah,Sulawesi Barat,75
Kalimantan Selatan,Sulawesi Barat,611
Kalimantan Timur,Sulawesi Barat,4624
Kalimantan Utara,Sulawesi Barat,435
Sulawesi Utara,Sulawesi Barat,225
Sulawesi Tengah,Sulawesi Barat,3150
Sulawesi Selatan,Sulawesi Barat,11033
Sulawesi Tenggara,Sulawesi Barat,1302
Gorontalo,Sulawesi Barat,59
Maluku,Sulawesi Barat,109
Maluku Utara,Sulawesi Barat,46
Papua Barat,Sulawesi Barat,183
Papua,Sulawesi Barat,176
Aceh,Maluku,48
Sumatera Utara,Maluku,101
Sumatera Barat,Maluku,102
Jambi,Maluku,35
Sumatera Selatan,Maluku,41
Bengkulu,Maluku,43
Lampung,Maluku,142
Kepulauan Bangka Belitung,Maluku,2
Kepulauan Riau,Maluku,18
DKI Jakarta,Maluku,616
Jawa Barat,Maluku,1101
Jawa Tengah,Maluku,2105
DI Yogyakarta,Maluku,1271
Jawa Timur,Maluku,2084
Banten,Maluku,269
Bali,Maluku,117
Nusa Tenggara Barat,Maluku,146
Nusa Tenggara Timur,Maluku,1229
Kalimantan Barat,Maluku,45
Kalimantan Tengah,Maluku,205
Kalimantan Selatan,Maluku,13
Kalimantan Timur,Maluku,37
Sulawesi Utara,Maluku,636
Sulawesi Tengah,Maluku,189
Sulawesi Selatan,Maluku,2203
Sulawesi Tenggara,Maluku,6548
Gorontalo,Maluku,124
Sulawesi Barat,Maluku,132
Maluku Utara,Maluku,1502
Papua Barat,Maluku,5010
Papua,Maluku,3636
Aceh,Maluku Utara,13
Sumatera Utara,Maluku Utara,12
Sumatera Barat,Maluku Utara,110
Riau,Maluku Utara,6
Jambi,Maluku Utara,5
Bengkulu,Maluku Utara,13
Kepulauan Bangka Belitung,Maluku Utara,22
DKI Jakarta,Maluku Utara,242
Jawa Barat,Maluku Utara,294
Jawa Tengah,Maluku Utara,848
DI Yogyakarta,Maluku Utara,452
Jawa Timur,Maluku Utara,1104
Banten,Maluku Utara,18
Bali,Maluku Utara,22
Nusa Tenggara Barat,Maluku Utara,15
Nusa Tenggara Timur,Maluku Utara,138
Kalimantan Barat,Maluku Utara,111
Kalimantan Tengah,Maluku Utara,56
Kalimantan Selatan,Maluku Utara,73
Kalimantan Timur,Maluku Utara,53
Sulawesi Utara,Maluku Utara,1824
Sulawesi Tengah,Maluku Utara,392
Sulawesi Selatan,Maluku Utara,1972
Sulawesi Tenggara,Maluku Utara,3518
Gorontalo,Maluku Utara,567
Sulawesi Barat,Maluku Utara,59
Maluku,Maluku Utara,1996
Papua Barat,Maluku Utara,1022
Papua,Maluku Utara,326
Aceh,Papua Barat,32
Sumatera Utara,Papua Barat,324
Sumatera Barat,Papua Barat,316
Riau,Papua Barat,22
Bengkulu,Papua Barat,4
Lampung,Papua Barat,373
Kepulauan Bangka Belitung,Papua Barat,17
Kepulauan Riau,Papua Barat,83
DKI Jakarta,Papua Barat,122
Jawa Barat,Papua Barat,506
Jawa Tengah,Papua Barat,2479
DI Yogyakarta,Papua Barat,537
Jawa Timur,Papua Barat,4010
Banten,Papua Barat,85
Bali,Papua Barat,108
Nusa Tenggara Barat,Papua Barat,355
Nusa Tenggara Timur,Papua Barat,2010
Kalimantan Barat,Papua Barat,52
Kalimantan Tengah,Papua Barat,33
Kalimantan Selatan,Papua Barat,152
Kalimantan Timur,Papua Barat,92
Kalimantan Utara,Papua Barat,52
Sulawesi Utara,Papua Barat,1554
Sulawesi Tengah,Papua Barat,243
Sulawesi Selatan,Papua Barat,4800
Sulawesi Tenggara,Papua Barat,6549
Gorontalo,Papua Barat,83
Sulawesi Barat,Papua Barat,129
Maluku,Papua Barat,3222
Maluku Utara,Papua Barat,922
Papua,Papua Barat,2386
Aceh,Papua,93
Sumatera Utara,Papua,1574
Sumatera Barat,Papua,605
Riau,Papua,17
Jambi,Papua,224
Sumatera Selatan,Papua,248
Bengkulu,Papua,182
Lampung,Papua,401
Kepulauan Bangka Belitung,Papua,2
Kepulauan Riau,Papua,42
DKI Jakarta,Papua,862
Jawa Barat,Papua,1752
Jawa Tengah,Papua,5984
DI Yogyakarta,Papua,2427
Jawa Timur,Papua,7956
Banten,Papua,112
Bali,Papua,245
Nusa Tenggara Barat,Papua,2067
Nusa Tenggara Timur,Papua,5311
Kalimantan Barat,Papua,190
Kalimantan Tengah,Papua,181
Kalimantan Selatan,Papua,218
Kalimantan Timur,Papua,378
Kalimantan Utara,Papua,130
Sulawesi Utara,Papua,2904
Sulawesi Tengah,Papua,653
Sulawesi Selatan,Papua,15162
Sulawesi Tenggara,Papua,7242
Gorontalo,Papua,370
Sulawesi Barat,Papua,356
Maluku,Papua,4698
Maluku Utara,Papua,808
Papua Barat,Papua,5998
